<?xml version="1.0" encoding="UTF-8"?>
<beans xmlns="http://www.springframework.org/schema/beans"
       xmlns:xsi="http://www.w3.org/2001/XMLSchema-instance"
       xsi:schemaLocation="
       http://www.springframework.org/schema/beans http://www.springframework.org/schema/beans/spring-beans-current.xsd">

    <bean name="_muleObjectNameProcessor" class="org.mule.config.spring.processors.MuleObjectNameProcessor"/>
    
    <bean name="_mulePropertyPlaceholderProcessor"
        class="org.mule.config.spring.processors.PropertyPlaceholderProcessor">
        <property name="factories">
            <map>
                <entry key="hostname">
                    <bean class="org.mule.config.factories.HostNameFactory"/>
                </entry>
            </map>
        </property>
        <!-- other processors may be applied later -->
        <property name="ignoreUnresolvablePlaceholders" value="true"/>
    </bean>

    <bean name="_muleParentContextPropertyPlaceholderProcessor" class="org.mule.config.spring.processors.ParentContextPropertyPlaceholderProcessor"/>

</beans>
